{
    "addon_version": "4.0.11",
    "files": {
        "channels": [
            "absoluporn",
            "amateurtv",
            "animeclub",
            "animefenix",
            "animeflv",
            "animeflvio",
            "animeid",
            "animejl",
            "animeonline",
            "animespace",
            "animeyt",
            "area51",
            "areshd",
            "asialive",
            "asianload",
            "cinecalidad",
            "cinecalidadla",
            "cinecalidadlol",
            "cliversite",
            "creyente",
            "cuevana2",
            "cuevana2esp",
            "cuevana3in",
            "cuevana3pro",
            "cuevana3video",
            "dangotoons",
            "divxatope",
            "divxtotal",
            "dontorrents",
            "dontorrentsin",
            "doramasflixsone",
            "doramasmp4dev",
            "doramason",
            "doramasqueen",
            "doramasqueenin",
            "doramasyt",
            "doramedplaylat",
            "elitedivx",
            "elitetorrent",
            "elitetorrentnz",
            "ennovelaspl",
            "ennovelastv",
            "ennovelasws",
            "eporner",
            "estrenosdoramas",
            "estrenosdoramases",
            "eztv",
            "frozenlayer",
            "gnula24",
            "hdfull",
            "hdfullse",
            "henaojara",
            "hentaiid",
            "hentaijl",
            "hentaila",
            "hentaisd",
            "homecine",
            "jizzbunker",
            "jkanime",
            "kiriasian",
            "kissasian",
            "lacartoons",
            "latanime",
            "lilatorrent",
            "mangoporn",
            "masnovelas",
            "mastorrents",
            "mejortorrentapp",
            "mejortorrentnz",
            "monoschinos",
            "motherless",
            "mundodonghua",
            "naranjatorrent",
            "novelas360",
            "nuvid",
            "onlinetv",
            "pandamovies",
            "pandrama",
            "pediatorrent",
            "peliculaspro",
            "peliplayhd",
            "peliplusuno",
            "pelishd",
            "pelisplus",
            "pelisplushd",
            "pelisplushdlat",
            "pelisplushdnz",
            "playdede",
            "playplus",
            "plushd",
            "porndoe",
            "pornhub",
            "porntube",
            "poseidonhd2",
            "ppeliculas",
            "redhard",
            "redtube",
            "reinventorrent",
            "rojotorrent",
            "seriesbanana",
            "seriesbiblicas",
            "seriesonline",
            "seriesplus",
            "seriestv",
            "serviporno",
            "sigloxx",
            "srnovelas",
            "star",
            "subtorrents",
            "tioanime",
            "tiodonghua",
            "tlnovelas",
            "todotorrents",
            "tomadivx",
            "tryboobs",
            "tubehentai",
            "tupelihd",
            "tuseries",
            "tusnovelas",
            "tvseries",
            "uninovelas",
            "verdetorrent",
            "vernovelas",
            "veronline",
            "verserieshd",
            "watchpornfree",
            "xmfy",
            "xvideos",
            "ytstv",
            "zbporn",
            "zeroanime",
            "zonaleros"
        ],
        "core": [
            "httptools",
            "proxytools",
            "requeststools",
            "servertools",
            "trackingtools"
        ],
        "modules": [
            "actions",
            "domains",
            "filmaffinitylists",
            "helper",
            "proxysearch",
            "submnuctext",
            "submnuteam",
            "tester",
            "tracking"
        ],
        "platformcode": [
            "platformtools"
        ],
        "root dir": [
            "dominios",
            "version"
        ],
        "servers": [
            "clicknupload",
            "fastream",
            "various",
            "zures"
        ]
    },
    "fix_version": 6,
    "hash": "843c386459ad525bbd59443f42fb264f"
}